ID_REF,ZD19_5hmC,ZD19_5mC,ZD20_5hmC,ZD20_5mC,ZD21_5hmC,ZD21_5mC,ZD22_5hmC,ZD22_5mC,ZD23_5hmC,ZD23_5mC,ZD234_5hmC,ZD234_5mC,ZD35_5hmC,ZD35_5mC
cg00101675_BC21,0.2436591579285699,0.49443849815375357,0.2644375185461219,0.4962832294983938,0.1994250916563558,0.5587886930275833,0.2192917599390967,0.5512452743783531,0.0732436194243982,0.7961350288919307,0.307502838973083,0.6349920222689494,0.0432354908647331,0.8572219061920489
cg00116289_BC21,0.0605216357770086,0.7634300436745906,0.0390125244970936,0.7746875160078766,0.0409340624642146,0.8545732405657667,0.0442250618367089,0.792007084592143,0.0258184386047945,0.8978344824081261,0.0869439745808209,0.6585618368368981,0.0239089602314037,0.89188091152659
cg00211372_TC21,0.2901738937540525,0.6185385580305398,0.3093176985361246,0.5888554231688838,0.2042040399104467,0.6898564267053525,0.1963402717512586,0.7232810416693236,0.1260874482510817,0.786161982301278,0.3344612717039694,0.5882843083383222,0.0979046657496069,0.8425248825446843
cg00531009_BC21,0.1083470800336303,0.7496124515150488,0.1465052831021596,0.6524353087008323,0.1081922602692181,0.7634465762252169,0.0844204185307567,0.7919375866476106,0.0421194896618975,0.7966684523396221,0.2176067067644589,0.5913287502457577,0.0568511733308861,0.7655822628464692
cg00747726_TC21,0.3564431358882947,0.4626298062601585,0.2762162758911942,0.5655601201697675,0.126913948546767,0.7680967219023921,0.2478823211641041,0.5766959391088445,0.1273725501741731,0.735032449756094,0.5358820829269708,0.3048760309332327,0.1172392088462456,0.7871975740113524
cg00896209_TC21,0.0923589297054835,0.7771214178745881,0.0873334503703065,0.7496493471282704,0.0375194460715795,0.8629003525484615,0.0729984366158329,0.7969077057519994,0.0319825490756316,0.8733552975900645,0.1247332565357213,0.7385847199067636,0.0328333887367424,0.8525179141373957
cg00910419_BC21,0.0251317829590025,0.0098504832505757,0.0201748034580784,0.0329652533444423,0.0246102995482843,0.015604093193228804,0.042988059867083,0.0,0.0336328002330326,0.0,0.0276212931483111,0.002352729452564699,0.0350607794275455,0.012843446412043304
cg00920372_BC21,0.0911511378261333,0.3243935369471136,0.068624728064989,0.3116652971593624,0.0473762442332765,0.5536709795670148,0.0509212154919636,0.3009230385277401,0.0302446546413269,0.452065100370047,0.0739960320187634,0.1194373193493285,0.0163606469304647,0.5270708233166947
cg01326836_BC21,0.043914619630482,0.061836847240440695,0.0401424031926182,0.051385930624246796,0.0313412285396763,0.0884470115490395,0.0437798418572367,0.0654364205168495,0.0394870037338718,0.09539255312219809,0.034154346949297,0.0274568632016024,0.0440764394508144,0.1198700451394211
